<?xml version='1.0' encoding='utf-8' standalone='yes' ?>
<map>
    <string name="afUninstallToken">d7GUj8ivSe-ZjJ7KNA9Iq7:APA91bGLeHgj30QkKGxWc8RxUMX2YA2pTC7Yk9fSBSqq38IioYepTmFUz8lgNX_71lheKuPa3-rxZwIRO9hbYjOXGIHAozSfjezprbdTv1hXVRV-QYDYV8w</string>
    <long name="prev_session_dur" value="190" />
    <long name="af_rc_max_age" value="86400" />
    <boolean name="ddl_sent" value="true" />
    <string name="sentSuccessfully">true</string>
    <string name="af_remote_config">eyJmZWF0dXJlcyI6eyJleGNfbW5nciI6W3siZGF0YSI6eyJ2MSI6eyJzZGtfdmVyIjoiMS45LjkiLCJtaW4iOjEsImV4cGlyZSI6MTB9fX1dfSwidmVyIjoiNDI5NzI5ZmIudjEuMTY4NjI0NzQ4NTAwMCJ9</string>
    <boolean name="sentRegisterRequestToAF" value="true" />
    <int name="versionCode" value="11013" />
    <string name="savedProperties">{&quot;uid&quot;:&quot;1763043147072-4884032271921993152&quot;,&quot;advertiserId&quot;:&quot;66112a22-f4fe-4839-963c-84aef30b08b3&quot;,&quot;advertiserIdEnabled&quot;:&quot;true&quot;}</string>
    <string name="AF_INSTALLATION">1763043147072-4884032271921993152</string>
    <boolean name="afUninstallToken_queued" value="false" />
    <int name="appsFlyerCount" value="5" />
    <long name="af_rc_timestamp" value="1763043144781" />
    <long name="AppsFlyerTimePassedSincePrevLaunch" value="1763043323225" />
    <boolean name="newGPReferrerSent" value="true" />
    <int name="af_send_exc_min" value="1" />
    <string name="appsFlyerFirstInstall">2025-11-13_141246+0000</string>
    <long name="afUninstallToken_received_time" value="1763043147039" />
    <string name="attributionId">{&quot;install_time&quot;:&quot;2025-11-13 14:12:57.756&quot;,&quot;af_message&quot;:&quot;organic install&quot;,&quot;af_status&quot;:&quot;Organic&quot;,&quot;is_first_launch&quot;:false}</string>
</map>
