<?xml version='1.0' encoding='utf-8' standalone='yes' ?>
<map>
    <long name="fire-count" value="1" />
    <string name="last-used-date">2025-11-13</string>
    <long name="fire-global" value="1763043142210" />
    <set name="fire-core/20.2.0 fire-cls/18.3.2 fire-cls-ktx/18.3.2 fire-perf/20.3.0 fire-analytics-ktx/21.2.0 fire-core-ktx/20.2.0 fire-analytics/21.2.0 fire-fcm/23.1.1 device-brand/realme fire-abt/21.0.2 fire-installations/17.1.0 fire-android/30 fire-rc/21.2.0 android-installer/com.google.android.packageinstaller android-platform/ android-min-sdk/21 kotlin/1.9.21 fire-fcm-ktx/23.1.1 fire-transport/18.1.7 device-name/RMX3201 device-model/RMX3201 fire-perf-ktx/20.3.0 android-target-sdk/34">
        <string>2025-11-13</string>
    </set>
</map>
