<?xml version='1.0' encoding='utf-8' standalone='yes' ?>
<map>
    <float name="com.google.firebase.perf.NetworkRequestSamplingRate" value="0.0" />
    <boolean name="com.google.firebase.perf.ExperimentTTID" value="true" />
    <boolean name="com.google.firebase.perf.SdkEnabled" value="true" />
    <float name="com.google.firebase.perf.TraceSamplingRate" value="0.09764815" />
    <long name="com.google.firebase.perf.SessionsCpuCaptureFrequencyBackgroundMs" value="0" />
    <boolean name="isEnabled" value="true" />
    <string name="com.google.firebase.perf.SdkDisabledVersions"></string>
    <long name="com.google.firebase.perf.SessionsMemoryCaptureFrequencyBackgroundMs" value="0" />
    <float name="com.google.firebase.perf.SessionSamplingRate" value="0.0" />
</map>
