<?xml version='1.0' encoding='utf-8' standalone='yes' ?>
<map>
    <int name="imc:__5ce5cb0f8e5d47d6b9d5f68bd5e9338b:6ZW-45W-W84Z" value="10" />
    <string name="pfworkid">6ZW-45W-W84Z</string>
    <int name="istmcd_inapp:__5ce5cb0f8e5d47d6b9d5f68bd5e9338b:6ZW-45W-W84Z" value="10" />
    <string name="instance:6ZW-45W-W84Z">{&quot;accountId&quot;:&quot;6ZW-45W-W84Z&quot;,&quot;accountToken&quot;:&quot;054-016&quot;,&quot;analyticsOnly&quot;:false,&quot;isDefaultInstance&quot;:true,&quot;useGoogleAdId&quot;:false,&quot;disableAppLaunchedEvent&quot;:false,&quot;personalization&quot;:true,&quot;debugLevel&quot;:0,&quot;createdPostAppLaunch&quot;:false,&quot;sslPinning&quot;:false,&quot;backgroundSync&quot;:true,&quot;getEnableCustomCleverTapId&quot;:false,&quot;beta&quot;:false,&quot;encryptionLevel&quot;:0}</string>
    <int name="comms_last_ts:6ZW-45W-W84Z" value="1763043306" />
    <int name="comms_first_ts:6ZW-45W-W84Z" value="1763043148" />
    <int name="istc_inapp:__5ce5cb0f8e5d47d6b9d5f68bd5e9338b:6ZW-45W-W84Z" value="0" />
    <int name="sexe:6ZW-45W-W84Z" value="1763043281" />
    <int name="lastSessionId:6ZW-45W-W84Z" value="1763043159" />
    <string name="deviceId:6ZW-45W-W84Z">__5ce5cb0f8e5d47d6b9d5f68bd5e9338b</string>
    <string name="ict_date:__5ce5cb0f8e5d47d6b9d5f68bd5e9338b:6ZW-45W-W84Z">13112025</string>
    <string name="fcm_token:6ZW-45W-W84Z">d7GUj8ivSe-ZjJ7KNA9Iq7:APA91bGLeHgj30QkKGxWc8RxUMX2YA2pTC7Yk9fSBSqq38IioYepTmFUz8lgNX_71lheKuPa3-rxZwIRO9hbYjOXGIHAozSfjezprbdTv1hXVRV-QYDYV8w</string>
    <boolean name="OptOut:__5ce5cb0f8e5d47d6b9d5f68bd5e9338b:6ZW-45W-W84Z" value="true" />
    <string name="SP_KEY_PROFILE_IDENTITIES:6ZW-45W-W84Z">Email,Identity</string>
    <long name="last_assets_cleanup" value="1763043161924" />
</map>
