<?xml version='1.0' encoding='utf-8' standalone='yes' ?>
<map>
    <string name="ict_date:__05c13c8c3adc450291c1b00e25ef5be2:6ZW-45W-W84Z">13112025</string>
    <string name="pfworkid">6ZW-45W-W84Z</string>
    <string name="instance:6ZW-45W-W84Z">{&quot;accountId&quot;:&quot;6ZW-45W-W84Z&quot;,&quot;accountToken&quot;:&quot;054-016&quot;,&quot;analyticsOnly&quot;:false,&quot;isDefaultInstance&quot;:true,&quot;useGoogleAdId&quot;:false,&quot;disableAppLaunchedEvent&quot;:false,&quot;personalization&quot;:true,&quot;debugLevel&quot;:0,&quot;createdPostAppLaunch&quot;:false,&quot;sslPinning&quot;:false,&quot;backgroundSync&quot;:true,&quot;getEnableCustomCleverTapId&quot;:false,&quot;beta&quot;:false,&quot;encryptionLevel&quot;:0}</string>
    <boolean name="OptOut:__05c13c8c3adc450291c1b00e25ef5be2:6ZW-45W-W84Z" value="true" />
    <int name="comms_last_ts:6ZW-45W-W84Z" value="1763042962" />
    <int name="comms_first_ts:6ZW-45W-W84Z" value="1763042952" />
    <int name="sexe:6ZW-45W-W84Z" value="1763043078" />
    <int name="lastSessionId:6ZW-45W-W84Z" value="1763042949" />
    <int name="istmcd_inapp:__05c13c8c3adc450291c1b00e25ef5be2:6ZW-45W-W84Z" value="10" />
    <string name="deviceId:6ZW-45W-W84Z">__05c13c8c3adc450291c1b00e25ef5be2</string>
    <int name="istc_inapp:__05c13c8c3adc450291c1b00e25ef5be2:6ZW-45W-W84Z" value="0" />
    <int name="imc:__05c13c8c3adc450291c1b00e25ef5be2:6ZW-45W-W84Z" value="10" />
    <string name="fcm_token:6ZW-45W-W84Z">e3NQJKXMTcODSuhIBuyhes:APA91bHc1e-Zpw0OkBz-sL8kelwXoVgP1BD9IAxhAoOONdotUxpcFKKEaAc0HF0Z5SEGxz7N3Q96AojADMSuhtciPIixpsJNmK0SNUm0E17gNbGj2N8FRuw</string>
    <string name="SP_KEY_PROFILE_IDENTITIES:6ZW-45W-W84Z">Email,Identity</string>
    <long name="last_assets_cleanup" value="1763042953074" />
</map>
