{"Fid":"d7GUj8ivSe-ZjJ7KNA9Iq7","Status":3,"AuthToken":"eyJhbGciOiJFUzI1NiIsInR5cCI6IkpXVCJ9.eyJhcHBJZCI6IjE6ODQ5MjYxMzY5MDg1OmFuZHJvaWQ6ODY0OGNlYzEwMWU2ZmY0MSIsImV4cCI6MTc2MzY0Nzk0NCwiZmlkIjoiZDdHVWo4aXZTZS1aako3S05BOUlxNyIsInByb2plY3ROdW1iZXIiOjg0OTI2MTM2OTA4NX0.AB2LPV8wRAIgOGIHjMyxdgH2SY8u2-nlWOUNzKADi0NFI7xWDPotrpcCIC0aP2WEuTBSVWMxemVxmTCtZOLnJkv4xC8BmwE64pGV","RefreshToken":"3_AS3qfwIJ0L77wT_5qKRapSJkFvbaPhgQMg4HwPZcye0C0SQmVJF_KHeyY8ml-Pf_y2UHuy-ooGqzf2sNCmNwebKIdCaDS1who-9aKol8WQjEudE","TokenCreationEpochInSecs":1763043144,"ExpiresInSecs":604800}