{"Fid":"e3NQJKXMTcODSuhIBuyhes","Status":3,"AuthToken":"eyJhbGciOiJFUzI1NiIsInR5cCI6IkpXVCJ9.eyJhcHBJZCI6IjE6ODQ5MjYxMzY5MDg1OmFuZHJvaWQ6ODY0OGNlYzEwMWU2ZmY0MSIsImV4cCI6MTc2MzY0Nzc0OSwiZmlkIjoiZTNOUUpLWE1UY09EU3VoSUJ1eWhlcyIsInByb2plY3ROdW1iZXIiOjg0OTI2MTM2OTA4NX0.AB2LPV8wRAIgc3gvjkPaQ4IdieIzgmoR9Rkzlyc8heej8UubHMKaszkCIBYUh3ZjP0liTltQRXV1MGDfl_Mhsv8-7TgBonDLQYHu","RefreshToken":"3_AS3qfwKfZe8I-yzM_h88NGENgw-S_c8z7yBXZ29ZuyVD8fMTNYPBe3yhdZR5pOK4SmZZXDRkqJ4rqdGIp2fhOsrmOdLBGU3YHMaxBnNpgTWgIA","TokenCreationEpochInSecs":1763042948,"ExpiresInSecs":604800}